k,HR@k,NDCG@k,nonserviceHR@k,nonserviceNDCG@k
1,0.0,0.0,64.28571428571429,64.28571428571429
3,0.0,0.0,85.71428571428571,77.80563757653124
5,0.0,0.0,92.85714285714286,80.56887191392083
